Anchorage,AK,99501
Fairbanks,AK,99701
Juneau,AK,99801
Sitka,AK,99835
Ketchikan,AK,99901
Birmingham,AL,35203
Montgomery,AL,36104
Mobile,AL,36602
Huntsville,AL,35801
Tuscaloosa,AL,35401
Little Rock,AR,72201
Fayetteville,AR,72701
Fort Smith,AR,72901
Jonesboro,AR,72401
Hot Springs,AR,71901
Phoenix,AZ,85001
Tucson,AZ,85701
Mesa,AZ,85201
Scottsdale,AZ,85251
Flagstaff,AZ,86001
Los Angeles,CA,90012
San Francisco,CA,94102
San Diego,CA,92101
Sacramento,CA,95814
San Jose,CA,95113
Denver,CO,80202
Colorado Springs,CO,80903
Boulder,CO,80302
Fort Collins,CO,80521
Aurora,CO,80012
Hartford,CT,06103
New Haven,CT,06510
Stamford,CT,06901
Bridgeport,CT,06604
Norwalk,CT,06850
Washington,DC,20001
Washington,DC,20002
Washington,DC,20003
Washington,DC,20004
Washington,DC,20005
Wilmington,DE,19801
Dover,DE,19901
Newark,DE,19711
Middletown,DE,19709
Lewes,DE,19958
Miami,FL,33101
Orlando,FL,32801
Tampa,FL,33602
Jacksonville,FL,32202
Tallahassee,FL,32301
Atlanta,GA,30303
Savannah,GA,31401
Augusta,GA,30901
Macon,GA,31201
Athens,GA,30601
Honolulu,HI,96813
Hilo,HI,96720
Kailua,HI,96734
Lahaina,HI,96761
Kapolei,HI,96707
Des Moines,IA,50309
Cedar Rapids,IA,52401
Davenport,IA,52801
Iowa City,IA,52240
Ames,IA,50010
Boise,ID,83702
Idaho Falls,ID,83402
Nampa,ID,83651
Meridian,ID,83642
Twin Falls,ID,83301
Chicago,IL,60601
Springfield,IL,62701
Peoria,IL,61602
Rockford,IL,61101
Naperville,IL,60540
Indianapolis,IN,46204
Fort Wayne,IN,46802
Evansville,IN,47708
South Bend,IN,46601
Bloomington,IN,47401
Wichita,KS,67202
Topeka,KS,66603
Lawrence,KS,66044
Kansas City,KS,66101
Manhattan,KS,66502
Louisville,KY,40202
Lexington,KY,40507
Bowling Green,KY,42101
Owensboro,KY,42301
Frankfort,KY,40601
New Orleans,LA,70112
Baton Rouge,LA,70802
Shreveport,LA,71101
Lafayette,LA,70501
Lake Charles,LA,70601
Boston,MA,02108
Worcester,MA,01608
Springfield,MA,01103
Cambridge,MA,02139
Lowell,MA,01852
Baltimore,MD,21201
Annapolis,MD,21401
Rockville,MD,20850
Frederick,MD,21701
Silver Spring,MD,20910
Portland,ME,04101
Augusta,ME,04330
Bangor,ME,04401
Lewiston,ME,04240
Bar Harbor,ME,04609
Detroit,MI,48226
Grand Rapids,MI,49503
Lansing,MI,48933
Ann Arbor,MI,48104
Traverse City,MI,49684
Minneapolis,MN,55401
Saint Paul,MN,55101
Duluth,MN,55802
Rochester,MN,55902
Bloomington,MN,55431
Kansas City,MO,64106
Saint Louis,MO,63101
Springfield,MO,65806
Columbia,MO,65201
Jefferson City,MO,65101
Jackson,MS,39201
Gulfport,MS,39501
Biloxi,MS,39530
Hattiesburg,MS,39401
Oxford,MS,38655
Billings,MT,59101
Missoula,MT,59802
Bozeman,MT,59715
Helena,MT,59601
Great Falls,MT,59401
Charlotte,NC,28202
Raleigh,NC,27601
Asheville,NC,28801
Durham,NC,27701
Wilmington,NC,28401
Fargo,ND,58102
Bismarck,ND,58501
Grand Forks,ND,58201
Minot,ND,58701
Dickinson,ND,58601
Omaha,NE,68102
Lincoln,NE,68508
Grand Island,NE,68801
Kearney,NE,68847
Norfolk,NE,68701
Manchester,NH,03101
Concord,NH,03301
Nashua,NH,03060
Portsmouth,NH,03801
Keene,NH,03431
Newark,NJ,07102
Jersey City,NJ,07302
Trenton,NJ,08608
Princeton,NJ,08540
Atlantic City,NJ,08401
Albuquerque,NM,87102
Santa Fe,NM,87501
Las Cruces,NM,88001
Roswell,NM,88201
Taos,NM,87571
Las Vegas,NV,89101
Reno,NV,89501
Carson City,NV,89701
Henderson,NV,89015
Elko,NV,89801
New York,NY,10001
Buffalo,NY,14202
Rochester,NY,14604
Albany,NY,12207
Syracuse,NY,13202
Columbus,OH,43215
Cleveland,OH,44114
Cincinnati,OH,45202
Dayton,OH,45402
Toledo,OH,43604
Oklahoma City,OK,73102
Tulsa,OK,74103
Norman,OK,73069
Edmond,OK,73034
Lawton,OK,73501
Portland,OR,97204
Eugene,OR,97401
Salem,OR,97301
Bend,OR,97701
Medford,OR,97501
Philadelphia,PA,19102
Pittsburgh,PA,15222
Harrisburg,PA,17101
Allentown,PA,18101
Erie,PA,16501
Providence,RI,02903
Newport,RI,02840
Warwick,RI,02886
Pawtucket,RI,02860
Cranston,RI,02910
Charleston,SC,29401
Columbia,SC,29201
Greenville,SC,29601
Myrtle Beach,SC,29577
Spartanburg,SC,29302
Sioux Falls,SD,57104
Rapid City,SD,57701
Pierre,SD,57501
Aberdeen,SD,57401
Brookings,SD,57006
Nashville,TN,37203
Memphis,TN,38103
Knoxville,TN,37902
Chattanooga,TN,37402
Franklin,TN,37064
Austin,TX,78701
Dallas,TX,75201
Houston,TX,77002
San Antonio,TX,78205
Fort Worth,TX,76102
Salt Lake City,UT,84101
Provo,UT,84601
Ogden,UT,84401
St George,UT,84770
Park City,UT,84060
Richmond,VA,23219
Arlington,VA,22201
Norfolk,VA,23510
Roanoke,VA,24011
Charlottesville,VA,22902
Burlington,VT,05401
Montpelier,VT,05602
Rutland,VT,05701
Brattleboro,VT,05301
Stowe,VT,05672
Seattle,WA,98101
Spokane,WA,99201
Tacoma,WA,98402
Olympia,WA,98501
Vancouver,WA,98660
Milwaukee,WI,53202
Madison,WI,53703
Green Bay,WI,54301
Appleton,WI,54911
Eau Claire,WI,54701
Charleston,WV,25301
Morgantown,WV,26505
Huntington,WV,25701
Wheeling,WV,26003
Parkersburg,WV,26101
Cheyenne,WY,82001
Casper,WY,82601
Laramie,WY,82070
Jackson,WY,83001
Gillette,WY,82716
